{
    "state_num": 6,
    "input_num": 2,
    "state_Ad": [1, 0, -0.04905, 0.1,   0, -0.001635,
		 0, 1, 	      0,   0, 0.1,         0,
		 0, 0,        1,   0,    0,      0.1,
		 0, 0,   -0.981,   1,    0, -0.04905,
		 0, 0,        0,   0,    1,        0,
		 0, 0,        0,   0,    0,       1],
    "input_Bd": [0,     -0.00004088,
		 0.005,           0,
		 0,           0.005,
		 0,       -0.001635,
		 0.1,             0,
		 0,            0.1],
    "len_horizon": 5,
    "len_ctrl": 4,
    "input_bounds": [[-150, 150],
		     ["-inf", "inf"]],
    "input_rate_max": ["inf", "inf"], 
    "state_weight": [10,10,1,1,1,1],
    "cost_model": {
	"type": "min_steps_to_zero",
	"coef": 10,
    },
    "state_init": [0,-10,0,0,0,0],
}
